query_id,neighbor_id,rank,score,query_tags,neighbor_tags
f001ec5c4704938247d27a44948eebb37ae98d01,c222979bd1cfbc7d3ff821e9c738e3dbd29b14f4,1,0.084081,"court, palestinian, member, united, states, authority, officially, becomes","amnesty, international, releases, annual, review, death, penalty, worldwide"
f001ec5c4704938247d27a44948eebb37ae98d01,ec4b5fef725b4cc81545689603ff84c8e19bd6dc,2,0.073635,"court, palestinian, member, united, states, authority, officially, becomes","bachmann, obama, michele, compares, president, andreas, lubitz, pilot"
f001ec5c4704938247d27a44948eebb37ae98d01,44d681105bcab063dfa0c80ce9cf96393677f9cc,3,0.065152,"court, palestinian, member, united, states, authority, officially, becomes","connecticut, juvenile, court, judge, denies, motion, let, cassandra"
f001ec5c4704938247d27a44948eebb37ae98d01,32a7125a655a052b3ea62350a8e02f0245cc220e,4,0.064785,"court, palestinian, member, united, states, authority, officially, becomes","rurik, jutting, charged, two, counts, murder, hong, kong"
f001ec5c4704938247d27a44948eebb37ae98d01,dc833f8b55e381011ce23f89ea909b9a141b5a66,5,0.045371,"court, palestinian, member, united, states, authority, officially, becomes","walmart, emerging, bellwether, shifting, public, opinion, hot, button"
230c522854991d053fe98a718b1defa077a8efef,c71b08cede3b6edb662a2f2c95f8b543fa65e405,1,0.076734,"theia, white, black, bully, breed, mix, survived, after","robert, lewis, burns, original, drummer, southern, rock, band"
230c522854991d053fe98a718b1defa077a8efef,32a7125a655a052b3ea62350a8e02f0245cc220e,2,0.075812,"theia, white, black, bully, breed, mix, survived, after","rurik, jutting, charged, two, counts, murder, hong, kong"
230c522854991d053fe98a718b1defa077a8efef,f9f5d81bc74d6cf6d713d6fa6be4a30427b46e68,3,0.061317,"theia, white, black, bully, breed, mix, survived, after","his, kim, jong, also, been, charged, assaulting, foreign"
230c522854991d053fe98a718b1defa077a8efef,202a51397a4de6483e6a7427d1952c46fca69d81,4,0.059667,"theia, white, black, bully, breed, mix, survived, after","lavigne, says, new, avril, bedridden, five, months, after"
230c522854991d053fe98a718b1defa077a8efef,58b9fcb9a3537d014d3499b0ad4d4123cfd3eac0,5,0.039177,"theia, white, black, bully, breed, mix, survived, after","academic, ncaa, says, athletes, former, who, it's, nonsense"
4495ba8f3a340d97a9df1476f8a35502bcce1f69,c7caf9181c2e94a79d9102da6e11cde48c880aa5,1,0.083941,"zarif, mohammad, javad, been, secretary, state, john, kerry's","framework, nuclear, negotiating, partners, reached, agreement, iran, thursday"
4495ba8f3a340d97a9df1476f8a35502bcce1f69,e2706dce6cf26bc61b082438188fdb6e130d9e40,2,0.058586,"zarif, mohammad, javad, been, secretary, state, john, kerry's","least, people, compared, 2013, year, 607, executed, around"
4495ba8f3a340d97a9df1476f8a35502bcce1f69,e8c90d557031700caa1afb66dfc85358ef719108,3,0.052246,"zarif, mohammad, javad, been, secretary, state, john, kerry's","law, religious, indiana's, new, freedom, restoration, act, faces"
4495ba8f3a340d97a9df1476f8a35502bcce1f69,a38e72fed88684ec8d60dd5856282e999dc8c0ca,4,0.050889,"zarif, mohammad, javad, been, secretary, state, john, kerry's","but, one, five, had, heart, related, issue, saturday"
4495ba8f3a340d97a9df1476f8a35502bcce1f69,a2ee2faeb2dc4e5eab43b1d14233c4ac658f0a8f,5,0.048883,"zarif, mohammad, javad, been, secretary, state, john, kerry's","president, obama, iran, political, tied, himself, mast, nuclear"
a38e72fed88684ec8d60dd5856282e999dc8c0ca,c5390093fa60d62c4dc9013977ca09a8edf7c32b,1,0.091475,"but, one, five, had, heart, related, issue, saturday","easter, but, cornerstone, event, christian, faith, it's, surrounded"
a38e72fed88684ec8d60dd5856282e999dc8c0ca,ffff11a2f44d731cd80c86819a89b7e227581415,2,0.058595,"but, one, five, had, heart, related, issue, saturday","his, louis, jordan, had, been, drifting, foot, pearson"
a38e72fed88684ec8d60dd5856282e999dc8c0ca,203886369feea77bbc35715e6d7e518b751f57de,3,0.051624,"but, one, five, had, heart, related, issue, saturday","researchers, examined, archives, red, cross, international, training, service"
a38e72fed88684ec8d60dd5856282e999dc8c0ca,4495ba8f3a340d97a9df1476f8a35502bcce1f69,4,0.050889,"but, one, five, had, heart, related, issue, saturday","zarif, mohammad, javad, been, secretary, state, john, kerry's"
a38e72fed88684ec8d60dd5856282e999dc8c0ca,1dd00c89d71a5611797bb34da8a6eada8f058405,5,0.046412,"but, one, five, had, heart, related, issue, saturday","pence, week, issue, mike, signed, religious, freedom, law"
c27cf1b136cc270023de959e7ab24638021bc43f,58b9fcb9a3537d014d3499b0ad4d4123cfd3eac0,1,0.109048,"student, campus, identified, during, investigation, police, office, affairs","academic, ncaa, says, athletes, former, who, it's, nonsense"
c27cf1b136cc270023de959e7ab24638021bc43f,63e19d477469e39e3fc4143919e6a5acb58dbc23,2,0.052185,"student, campus, identified, during, investigation, police, office, affairs","police, malegaon, western, state, maharashtra, asked, residents, take"
c27cf1b136cc270023de959e7ab24638021bc43f,4fbf675fb79046440d1cf01dd4fc2e505f2b5169,3,0.043108,"student, campus, identified, during, investigation, police, office, affairs","attack, terrorist, activities, bergen, shabaab, claimed, garissa, university"
c27cf1b136cc270023de959e7ab24638021bc43f,1b2cc634e2bfc6f2595260e7ed9b42f77ecbb0ce,4,0.039084,"student, campus, identified, during, investigation, police, office, affairs","trey, ellie, prom, moses, asked, meredith, his, date"
c27cf1b136cc270023de959e7ab24638021bc43f,e8c90d557031700caa1afb66dfc85358ef719108,5,0.037812,"student, campus, identified, during, investigation, police, office, affairs","law, religious, indiana's, new, freedom, restoration, act, faces"
1b2cc634e2bfc6f2595260e7ed9b42f77ecbb0ce,cf7094270cbb4c8fad5029bd2c2da694f1411870,1,0.056461,"trey, ellie, prom, moses, asked, meredith, his, date","his, says, man, set, off, foot, sailboat, south"
1b2cc634e2bfc6f2595260e7ed9b42f77ecbb0ce,f9f5d81bc74d6cf6d713d6fa6be4a30427b46e68,2,0.044002,"trey, ellie, prom, moses, asked, meredith, his, date","his, kim, jong, also, been, charged, assaulting, foreign"
1b2cc634e2bfc6f2595260e7ed9b42f77ecbb0ce,6302a6cf8564e4bb4753e2dc3dae328f13edae50,3,0.041286,"trey, ellie, prom, moses, asked, meredith, his, date","his, deion, sanders, wide, receiver, southern, methodist, university"
1b2cc634e2bfc6f2595260e7ed9b42f77ecbb0ce,c27cf1b136cc270023de959e7ab24638021bc43f,4,0.039084,"trey, ellie, prom, moses, asked, meredith, his, date","student, campus, identified, during, investigation, police, office, affairs"
1b2cc634e2bfc6f2595260e7ed9b42f77ecbb0ce,c71b08cede3b6edb662a2f2c95f8b543fa65e405,5,0.038515,"trey, ellie, prom, moses, asked, meredith, his, date","robert, lewis, burns, original, drummer, southern, rock, band"
e2706dce6cf26bc61b082438188fdb6e130d9e40,c222979bd1cfbc7d3ff821e9c738e3dbd29b14f4,1,0.239368,"least, people, compared, 2013, year, 607, executed, around","amnesty, international, releases, annual, review, death, penalty, worldwide"
e2706dce6cf26bc61b082438188fdb6e130d9e40,9bea5cbe9a0184eec4086a08452066dead185173,2,0.112683,"least, people, compared, 2013, year, 607, executed, around","year, documents, manning, serving, prison, sentence, leaking, thousands"
e2706dce6cf26bc61b082438188fdb6e130d9e40,88e7dac40f3e6c159e4edc0747d0cc0f50886fbb,3,0.078073,"least, people, compared, 2013, year, 607, executed, around","his, rev, robert, schuller, had, been, diagnosed, esophageal"
e2706dce6cf26bc61b082438188fdb6e130d9e40,37477ed1fc065f438021ee3b6d3e2b827e270353,4,0.065296,"least, people, compared, 2013, year, 607, executed, around","eclipse, total, only, last, four, minutes, seconds, started"
e2706dce6cf26bc61b082438188fdb6e130d9e40,e8c90d557031700caa1afb66dfc85358ef719108,5,0.059306,"least, people, compared, 2013, year, 607, executed, around","law, religious, indiana's, new, freedom, restoration, act, faces"
0d3c8c276d079c4c225f034c69aa024cdab7869d,cf7094270cbb4c8fad5029bd2c2da694f1411870,1,0.156954,"his, death, getty, coroner's, preliminary, assessment, there, foul","his, says, man, set, off, foot, sailboat, south"
0d3c8c276d079c4c225f034c69aa024cdab7869d,ffff11a2f44d731cd80c86819a89b7e227581415,2,0.102309,"his, death, getty, coroner's, preliminary, assessment, there, foul","his, louis, jordan, had, been, drifting, foot, pearson"
0d3c8c276d079c4c225f034c69aa024cdab7869d,f9f5d81bc74d6cf6d713d6fa6be4a30427b46e68,3,0.067835,"his, death, getty, coroner's, preliminary, assessment, there, foul","his, kim, jong, also, been, charged, assaulting, foreign"
0d3c8c276d079c4c225f034c69aa024cdab7869d,88e7dac40f3e6c159e4edc0747d0cc0f50886fbb,4,0.065138,"his, death, getty, coroner's, preliminary, assessment, there, foul","his, rev, robert, schuller, had, been, diagnosed, esophageal"
0d3c8c276d079c4c225f034c69aa024cdab7869d,c71b08cede3b6edb662a2f2c95f8b543fa65e405,5,0.064059,"his, death, getty, coroner's, preliminary, assessment, there, foul","robert, lewis, burns, original, drummer, southern, rock, band"
6222f33c2c79b80be437335eeb3f488509e92cf5,ffff11a2f44d731cd80c86819a89b7e227581415,1,0.093769,"storm, province, maysak, now, classified, tropical, it's, expected","his, louis, jordan, had, been, drifting, foot, pearson"
6222f33c2c79b80be437335eeb3f488509e92cf5,58b9fcb9a3537d014d3499b0ad4d4123cfd3eac0,2,0.054373,"storm, province, maysak, now, classified, tropical, it's, expected","academic, ncaa, says, athletes, former, who, it's, nonsense"
6222f33c2c79b80be437335eeb3f488509e92cf5,c5390093fa60d62c4dc9013977ca09a8edf7c32b,3,0.043751,"storm, province, maysak, now, classified, tropical, it's, expected","easter, but, cornerstone, event, christian, faith, it's, surrounded"
6222f33c2c79b80be437335eeb3f488509e92cf5,37477ed1fc065f438021ee3b6d3e2b827e270353,4,0.029423,"storm, province, maysak, now, classified, tropical, it's, expected","eclipse, total, only, last, four, minutes, seconds, started"
6222f33c2c79b80be437335eeb3f488509e92cf5,9bea5cbe9a0184eec4086a08452066dead185173,5,0.029274,"storm, province, maysak, now, classified, tropical, it's, expected","year, documents, manning, serving, prison, sentence, leaking, thousands"
2bd8ada1de6a7b02f59430cc82045eb8d29cf033,37477ed1fc065f438021ee3b6d3e2b827e270353,1,0.054171,"game, show, price, bob, barker, hosted, years, before","eclipse, total, only, last, four, minutes, seconds, started"
2bd8ada1de6a7b02f59430cc82045eb8d29cf033,e2706dce6cf26bc61b082438188fdb6e130d9e40,2,0.046164,"game, show, price, bob, barker, hosted, years, before","least, people, compared, 2013, year, 607, executed, around"
2bd8ada1de6a7b02f59430cc82045eb8d29cf033,469c6ac05092ca5997728c9dfc19f9ab6b936e40,3,0.040428,"game, show, price, bob, barker, hosted, years, before","french, crash, prosecutor, says, not, aware, any, video"
2bd8ada1de6a7b02f59430cc82045eb8d29cf033,44d681105bcab063dfa0c80ce9cf96393677f9cc,4,0.035097,"game, show, price, bob, barker, hosted, years, before","connecticut, juvenile, court, judge, denies, motion, let, cassandra"
2bd8ada1de6a7b02f59430cc82045eb8d29cf033,cf7094270cbb4c8fad5029bd2c2da694f1411870,5,0.031647,"game, show, price, bob, barker, hosted, years, before","his, says, man, set, off, foot, sailboat, south"
ee17dfb574feca82ccac5689595e47483bd23f12,17412737648b2cad59669560765fcb5169fc8116,1,0.068286,"terrorism, yahya, rashid, national, northwest, london, detained, luton","thomas, keonna, one, three, women, arrested, week, terror"
ee17dfb574feca82ccac5689595e47483bd23f12,f9f5d81bc74d6cf6d713d6fa6be4a30427b46e68,2,0.055904,"terrorism, yahya, rashid, national, northwest, london, detained, luton","his, kim, jong, also, been, charged, assaulting, foreign"
ee17dfb574feca82ccac5689595e47483bd23f12,32a7125a655a052b3ea62350a8e02f0245cc220e,3,0.049586,"terrorism, yahya, rashid, national, northwest, london, detained, luton","rurik, jutting, charged, two, counts, murder, hong, kong"
ee17dfb574feca82ccac5689595e47483bd23f12,203886369feea77bbc35715e6d7e518b751f57de,4,0.032688,"terrorism, yahya, rashid, national, northwest, london, detained, luton","researchers, examined, archives, red, cross, international, training, service"
ee17dfb574feca82ccac5689595e47483bd23f12,a38e72fed88684ec8d60dd5856282e999dc8c0ca,5,0.032591,"terrorism, yahya, rashid, national, northwest, london, detained, luton","but, one, five, had, heart, related, issue, saturday"
384175be1c8d41610fbeddbd9d9cb46e716e2529,fd0e8622b9ee38d1d6fff2fff59f0566f1a2f8f7,1,0.087630,"walker, release, furious, friday, offers, opportunity, fans, remember","furious, getting, widest, release, universal's, history, playing, 003"
384175be1c8d41610fbeddbd9d9cb46e716e2529,cf7094270cbb4c8fad5029bd2c2da694f1411870,2,0.067639,"walker, release, furious, friday, offers, opportunity, fans, remember","his, says, man, set, off, foot, sailboat, south"
384175be1c8d41610fbeddbd9d9cb46e716e2529,58b9fcb9a3537d014d3499b0ad4d4123cfd3eac0,3,0.039428,"walker, release, furious, friday, offers, opportunity, fans, remember","academic, ncaa, says, athletes, former, who, it's, nonsense"
384175be1c8d41610fbeddbd9d9cb46e716e2529,ffff11a2f44d731cd80c86819a89b7e227581415,4,0.038786,"walker, release, furious, friday, offers, opportunity, fans, remember","his, louis, jordan, had, been, drifting, foot, pearson"
384175be1c8d41610fbeddbd9d9cb46e716e2529,0d3c8c276d079c4c225f034c69aa024cdab7869d,5,0.034123,"walker, release, furious, friday, offers, opportunity, fans, remember","his, death, getty, coroner's, preliminary, assessment, there, foul"
203886369feea77bbc35715e6d7e518b751f57de,c222979bd1cfbc7d3ff821e9c738e3dbd29b14f4,1,0.064521,"researchers, examined, archives, red, cross, international, training, service","amnesty, international, releases, annual, review, death, penalty, worldwide"
203886369feea77bbc35715e6d7e518b751f57de,970f75d6e5b23e11c15b05c59a109ccbb160b289,2,0.052598,"researchers, examined, archives, red, cross, international, training, service","ban, after, iranian, authorities, imposed, women, attending, men's"
203886369feea77bbc35715e6d7e518b751f57de,a38e72fed88684ec8d60dd5856282e999dc8c0ca,3,0.051624,"researchers, examined, archives, red, cross, international, training, service","but, one, five, had, heart, related, issue, saturday"
203886369feea77bbc35715e6d7e518b751f57de,4fbf675fb79046440d1cf01dd4fc2e505f2b5169,4,0.047836,"researchers, examined, archives, red, cross, international, training, service","attack, terrorist, activities, bergen, shabaab, claimed, garissa, university"
203886369feea77bbc35715e6d7e518b751f57de,0d3c8c276d079c4c225f034c69aa024cdab7869d,5,0.046580,"researchers, examined, archives, red, cross, international, training, service","his, death, getty, coroner's, preliminary, assessment, there, foul"
1dd00c89d71a5611797bb34da8a6eada8f058405,f78024d271fd21f0667f5da6843516314af71f8f,1,0.124288,"pence, week, issue, mike, signed, religious, freedom, law","said, memories, pizza, walkerton, indiana, center, debate, over"
1dd00c89d71a5611797bb34da8a6eada8f058405,e8c90d557031700caa1afb66dfc85358ef719108,2,0.123693,"pence, week, issue, mike, signed, religious, freedom, law","law, religious, indiana's, new, freedom, restoration, act, faces"
1dd00c89d71a5611797bb34da8a6eada8f058405,dc833f8b55e381011ce23f89ea909b9a141b5a66,3,0.074234,"pence, week, issue, mike, signed, religious, freedom, law","walmart, emerging, bellwether, shifting, public, opinion, hot, button"
1dd00c89d71a5611797bb34da8a6eada8f058405,a43893ac704663476a285673392de84c0c17d4e5,4,0.056791,"pence, week, issue, mike, signed, religious, freedom, law","funk, hot, uptown, longest, leading, billboard, 100, 2010s"
1dd00c89d71a5611797bb34da8a6eada8f058405,ffff11a2f44d731cd80c86819a89b7e227581415,5,0.047704,"pence, week, issue, mike, signed, religious, freedom, law","his, louis, jordan, had, been, drifting, foot, pearson"
eeafdc8b2d8130cabda5aafe352eab1198d0b9f8,cf7094270cbb4c8fad5029bd2c2da694f1411870,1,0.053793,"tley, e's, vince, neil, reminded, again, week, dangers","his, says, man, set, off, foot, sailboat, south"
eeafdc8b2d8130cabda5aafe352eab1198d0b9f8,1dd00c89d71a5611797bb34da8a6eada8f058405,2,0.034287,"tley, e's, vince, neil, reminded, again, week, dangers","pence, week, issue, mike, signed, religious, freedom, law"
eeafdc8b2d8130cabda5aafe352eab1198d0b9f8,fd0e8622b9ee38d1d6fff2fff59f0566f1a2f8f7,3,0.028104,"tley, e's, vince, neil, reminded, again, week, dangers","furious, getting, widest, release, universal's, history, playing, 003"
eeafdc8b2d8130cabda5aafe352eab1198d0b9f8,9a2ffa6ad643d52e6b99b0b08e497f41ba23b2b2,4,0.026444,"tley, e's, vince, neil, reminded, again, week, dangers","says, deal, israeli, prime, minister, benjamin, netanyahu, sees"
eeafdc8b2d8130cabda5aafe352eab1198d0b9f8,ee17dfb574feca82ccac5689595e47483bd23f12,5,0.023701,"tley, e's, vince, neil, reminded, again, week, dangers","terrorism, yahya, rashid, national, northwest, london, detained, luton"
dc833f8b55e381011ce23f89ea909b9a141b5a66,f78024d271fd21f0667f5da6843516314af71f8f,1,0.077767,"walmart, emerging, bellwether, shifting, public, opinion, hot, button","said, memories, pizza, walkerton, indiana, center, debate, over"
dc833f8b55e381011ce23f89ea909b9a141b5a66,1dd00c89d71a5611797bb34da8a6eada8f058405,2,0.074234,"walmart, emerging, bellwether, shifting, public, opinion, hot, button","pence, week, issue, mike, signed, religious, freedom, law"
dc833f8b55e381011ce23f89ea909b9a141b5a66,a43893ac704663476a285673392de84c0c17d4e5,3,0.065713,"walmart, emerging, bellwether, shifting, public, opinion, hot, button","funk, hot, uptown, longest, leading, billboard, 100, 2010s"
dc833f8b55e381011ce23f89ea909b9a141b5a66,a2ee2faeb2dc4e5eab43b1d14233c4ac658f0a8f,4,0.049835,"walmart, emerging, bellwether, shifting, public, opinion, hot, button","president, obama, iran, political, tied, himself, mast, nuclear"
dc833f8b55e381011ce23f89ea909b9a141b5a66,e8c90d557031700caa1afb66dfc85358ef719108,5,0.049486,"walmart, emerging, bellwether, shifting, public, opinion, hot, button","law, religious, indiana's, new, freedom, restoration, act, faces"
c222979bd1cfbc7d3ff821e9c738e3dbd29b14f4,e2706dce6cf26bc61b082438188fdb6e130d9e40,1,0.239368,"amnesty, international, releases, annual, review, death, penalty, worldwide","least, people, compared, 2013, year, 607, executed, around"
c222979bd1cfbc7d3ff821e9c738e3dbd29b14f4,f001ec5c4704938247d27a44948eebb37ae98d01,2,0.084081,"amnesty, international, releases, annual, review, death, penalty, worldwide","court, palestinian, member, united, states, authority, officially, becomes"
c222979bd1cfbc7d3ff821e9c738e3dbd29b14f4,f7c2eb465479b965669b81535234e24735915ebf,3,0.064593,"amnesty, international, releases, annual, review, death, penalty, worldwide","temperature, committee, recorded, argentina's, esperanza, base, northern, tip"
c222979bd1cfbc7d3ff821e9c738e3dbd29b14f4,203886369feea77bbc35715e6d7e518b751f57de,4,0.064521,"amnesty, international, releases, annual, review, death, penalty, worldwide","researchers, examined, archives, red, cross, international, training, service"
c222979bd1cfbc7d3ff821e9c738e3dbd29b14f4,0d3c8c276d079c4c225f034c69aa024cdab7869d,5,0.052454,"amnesty, international, releases, annual, review, death, penalty, worldwide","his, death, getty, coroner's, preliminary, assessment, there, foul"
469c6ac05092ca5997728c9dfc19f9ab6b936e40,ec4b5fef725b4cc81545689603ff84c8e19bd6dc,1,0.124766,"french, crash, prosecutor, says, not, aware, any, video","bachmann, obama, michele, compares, president, andreas, lubitz, pilot"
469c6ac05092ca5997728c9dfc19f9ab6b936e40,c71b08cede3b6edb662a2f2c95f8b543fa65e405,2,0.078822,"french, crash, prosecutor, says, not, aware, any, video","robert, lewis, burns, original, drummer, southern, rock, band"
469c6ac05092ca5997728c9dfc19f9ab6b936e40,2bd8ada1de6a7b02f59430cc82045eb8d29cf033,3,0.040428,"french, crash, prosecutor, says, not, aware, any, video","game, show, price, bob, barker, hosted, years, before"
469c6ac05092ca5997728c9dfc19f9ab6b936e40,203886369feea77bbc35715e6d7e518b751f57de,4,0.039568,"french, crash, prosecutor, says, not, aware, any, video","researchers, examined, archives, red, cross, international, training, service"
469c6ac05092ca5997728c9dfc19f9ab6b936e40,17412737648b2cad59669560765fcb5169fc8116,5,0.030824,"french, crash, prosecutor, says, not, aware, any, video","thomas, keonna, one, three, women, arrested, week, terror"
88e7dac40f3e6c159e4edc0747d0cc0f50886fbb,ffff11a2f44d731cd80c86819a89b7e227581415,1,0.135932,"his, rev, robert, schuller, had, been, diagnosed, esophageal","his, louis, jordan, had, been, drifting, foot, pearson"
88e7dac40f3e6c159e4edc0747d0cc0f50886fbb,cf7094270cbb4c8fad5029bd2c2da694f1411870,2,0.091381,"his, rev, robert, schuller, had, been, diagnosed, esophageal","his, says, man, set, off, foot, sailboat, south"
88e7dac40f3e6c159e4edc0747d0cc0f50886fbb,970f75d6e5b23e11c15b05c59a109ccbb160b289,3,0.082496,"his, rev, robert, schuller, had, been, diagnosed, esophageal","ban, after, iranian, authorities, imposed, women, attending, men's"
88e7dac40f3e6c159e4edc0747d0cc0f50886fbb,e2706dce6cf26bc61b082438188fdb6e130d9e40,4,0.078073,"his, rev, robert, schuller, had, been, diagnosed, esophageal","least, people, compared, 2013, year, 607, executed, around"
88e7dac40f3e6c159e4edc0747d0cc0f50886fbb,0d3c8c276d079c4c225f034c69aa024cdab7869d,5,0.065138,"his, rev, robert, schuller, had, been, diagnosed, esophageal","his, death, getty, coroner's, preliminary, assessment, there, foul"
ec4b5fef725b4cc81545689603ff84c8e19bd6dc,a2ee2faeb2dc4e5eab43b1d14233c4ac658f0a8f,1,0.190530,"bachmann, obama, michele, compares, president, andreas, lubitz, pilot","president, obama, iran, political, tied, himself, mast, nuclear"
ec4b5fef725b4cc81545689603ff84c8e19bd6dc,469c6ac05092ca5997728c9dfc19f9ab6b936e40,2,0.124766,"bachmann, obama, michele, compares, president, andreas, lubitz, pilot","french, crash, prosecutor, says, not, aware, any, video"
ec4b5fef725b4cc81545689603ff84c8e19bd6dc,f001ec5c4704938247d27a44948eebb37ae98d01,3,0.073635,"bachmann, obama, michele, compares, president, andreas, lubitz, pilot","court, palestinian, member, united, states, authority, officially, becomes"
ec4b5fef725b4cc81545689603ff84c8e19bd6dc,9a2ffa6ad643d52e6b99b0b08e497f41ba23b2b2,4,0.061984,"bachmann, obama, michele, compares, president, andreas, lubitz, pilot","says, deal, israeli, prime, minister, benjamin, netanyahu, sees"
ec4b5fef725b4cc81545689603ff84c8e19bd6dc,cf7094270cbb4c8fad5029bd2c2da694f1411870,5,0.044334,"bachmann, obama, michele, compares, president, andreas, lubitz, pilot","his, says, man, set, off, foot, sailboat, south"
ffff11a2f44d731cd80c86819a89b7e227581415,cf7094270cbb4c8fad5029bd2c2da694f1411870,1,0.286047,"his, louis, jordan, had, been, drifting, foot, pearson","his, says, man, set, off, foot, sailboat, south"
ffff11a2f44d731cd80c86819a89b7e227581415,88e7dac40f3e6c159e4edc0747d0cc0f50886fbb,2,0.135932,"his, louis, jordan, had, been, drifting, foot, pearson","his, rev, robert, schuller, had, been, diagnosed, esophageal"
ffff11a2f44d731cd80c86819a89b7e227581415,f9f5d81bc74d6cf6d713d6fa6be4a30427b46e68,3,0.114578,"his, louis, jordan, had, been, drifting, foot, pearson","his, kim, jong, also, been, charged, assaulting, foreign"
ffff11a2f44d731cd80c86819a89b7e227581415,0d3c8c276d079c4c225f034c69aa024cdab7869d,4,0.102309,"his, louis, jordan, had, been, drifting, foot, pearson","his, death, getty, coroner's, preliminary, assessment, there, foul"
ffff11a2f44d731cd80c86819a89b7e227581415,6222f33c2c79b80be437335eeb3f488509e92cf5,5,0.093769,"his, louis, jordan, had, been, drifting, foot, pearson","storm, province, maysak, now, classified, tropical, it's, expected"
c7caf9181c2e94a79d9102da6e11cde48c880aa5,4495ba8f3a340d97a9df1476f8a35502bcce1f69,1,0.083941,"framework, nuclear, negotiating, partners, reached, agreement, iran, thursday","zarif, mohammad, javad, been, secretary, state, john, kerry's"
c7caf9181c2e94a79d9102da6e11cde48c880aa5,4fbf675fb79046440d1cf01dd4fc2e505f2b5169,2,0.069880,"framework, nuclear, negotiating, partners, reached, agreement, iran, thursday","attack, terrorist, activities, bergen, shabaab, claimed, garissa, university"
c7caf9181c2e94a79d9102da6e11cde48c880aa5,a2ee2faeb2dc4e5eab43b1d14233c4ac658f0a8f,3,0.067048,"framework, nuclear, negotiating, partners, reached, agreement, iran, thursday","president, obama, iran, political, tied, himself, mast, nuclear"
c7caf9181c2e94a79d9102da6e11cde48c880aa5,fd0e8622b9ee38d1d6fff2fff59f0566f1a2f8f7,4,0.057763,"framework, nuclear, negotiating, partners, reached, agreement, iran, thursday","furious, getting, widest, release, universal's, history, playing, 003"
c7caf9181c2e94a79d9102da6e11cde48c880aa5,e8c90d557031700caa1afb66dfc85358ef719108,5,0.057170,"framework, nuclear, negotiating, partners, reached, agreement, iran, thursday","law, religious, indiana's, new, freedom, restoration, act, faces"
b21cd549314996de79ba0ca2636c8ced66468267,ffff11a2f44d731cd80c86819a89b7e227581415,1,0.077388,"california, more, because, breadbasket, nation, growing, than, third","his, louis, jordan, had, been, drifting, foot, pearson"
b21cd549314996de79ba0ca2636c8ced66468267,cf7094270cbb4c8fad5029bd2c2da694f1411870,2,0.063151,"california, more, because, breadbasket, nation, growing, than, third","his, says, man, set, off, foot, sailboat, south"
b21cd549314996de79ba0ca2636c8ced66468267,fd0e8622b9ee38d1d6fff2fff59f0566f1a2f8f7,3,0.054510,"california, more, because, breadbasket, nation, growing, than, third","furious, getting, widest, release, universal's, history, playing, 003"
b21cd549314996de79ba0ca2636c8ced66468267,c7caf9181c2e94a79d9102da6e11cde48c880aa5,4,0.050705,"california, more, because, breadbasket, nation, growing, than, third","framework, nuclear, negotiating, partners, reached, agreement, iran, thursday"
b21cd549314996de79ba0ca2636c8ced66468267,e2706dce6cf26bc61b082438188fdb6e130d9e40,5,0.044916,"california, more, because, breadbasket, nation, growing, than, third","least, people, compared, 2013, year, 607, executed, around"
17412737648b2cad59669560765fcb5169fc8116,f9f5d81bc74d6cf6d713d6fa6be4a30427b46e68,1,0.071233,"thomas, keonna, one, three, women, arrested, week, terror","his, kim, jong, also, been, charged, assaulting, foreign"
17412737648b2cad59669560765fcb5169fc8116,ee17dfb574feca82ccac5689595e47483bd23f12,2,0.068286,"thomas, keonna, one, three, women, arrested, week, terror","terrorism, yahya, rashid, national, northwest, london, detained, luton"
17412737648b2cad59669560765fcb5169fc8116,4fbf675fb79046440d1cf01dd4fc2e505f2b5169,3,0.062421,"thomas, keonna, one, three, women, arrested, week, terror","attack, terrorist, activities, bergen, shabaab, claimed, garissa, university"
17412737648b2cad59669560765fcb5169fc8116,9bea5cbe9a0184eec4086a08452066dead185173,4,0.055386,"thomas, keonna, one, three, women, arrested, week, terror","year, documents, manning, serving, prison, sentence, leaking, thousands"
17412737648b2cad59669560765fcb5169fc8116,202a51397a4de6483e6a7427d1952c46fca69d81,5,0.047497,"thomas, keonna, one, three, women, arrested, week, terror","lavigne, says, new, avril, bedridden, five, months, after"
970f75d6e5b23e11c15b05c59a109ccbb160b289,88e7dac40f3e6c159e4edc0747d0cc0f50886fbb,1,0.082496,"ban, after, iranian, authorities, imposed, women, attending, men's","his, rev, robert, schuller, had, been, diagnosed, esophageal"
970f75d6e5b23e11c15b05c59a109ccbb160b289,ffff11a2f44d731cd80c86819a89b7e227581415,2,0.080095,"ban, after, iranian, authorities, imposed, women, attending, men's","his, louis, jordan, had, been, drifting, foot, pearson"
970f75d6e5b23e11c15b05c59a109ccbb160b289,203886369feea77bbc35715e6d7e518b751f57de,3,0.052598,"ban, after, iranian, authorities, imposed, women, attending, men's","researchers, examined, archives, red, cross, international, training, service"
970f75d6e5b23e11c15b05c59a109ccbb160b289,b21cd549314996de79ba0ca2636c8ced66468267,4,0.033626,"ban, after, iranian, authorities, imposed, women, attending, men's","california, more, because, breadbasket, nation, growing, than, third"
970f75d6e5b23e11c15b05c59a109ccbb160b289,c7caf9181c2e94a79d9102da6e11cde48c880aa5,5,0.032627,"ban, after, iranian, authorities, imposed, women, attending, men's","framework, nuclear, negotiating, partners, reached, agreement, iran, thursday"
9f051fe922a8f45b315a366a5af1aab58d93f050,a43893ac704663476a285673392de84c0c17d4e5,1,0.067393,"online, activity, become, path, least, resistance, you, want","funk, hot, uptown, longest, leading, billboard, 100, 2010s"
9f051fe922a8f45b315a366a5af1aab58d93f050,e2706dce6cf26bc61b082438188fdb6e130d9e40,2,0.036834,"online, activity, become, path, least, resistance, you, want","least, people, compared, 2013, year, 607, executed, around"
9f051fe922a8f45b315a366a5af1aab58d93f050,37477ed1fc065f438021ee3b6d3e2b827e270353,3,0.035382,"online, activity, become, path, least, resistance, you, want","eclipse, total, only, last, four, minutes, seconds, started"
9f051fe922a8f45b315a366a5af1aab58d93f050,a38e72fed88684ec8d60dd5856282e999dc8c0ca,4,0.034506,"online, activity, become, path, least, resistance, you, want","but, one, five, had, heart, related, issue, saturday"
9f051fe922a8f45b315a366a5af1aab58d93f050,c5390093fa60d62c4dc9013977ca09a8edf7c32b,5,0.029709,"online, activity, become, path, least, resistance, you, want","easter, but, cornerstone, event, christian, faith, it's, surrounded"
202a51397a4de6483e6a7427d1952c46fca69d81,44d681105bcab063dfa0c80ce9cf96393677f9cc,1,0.063007,"lavigne, says, new, avril, bedridden, five, months, after","connecticut, juvenile, court, judge, denies, motion, let, cassandra"
202a51397a4de6483e6a7427d1952c46fca69d81,230c522854991d053fe98a718b1defa077a8efef,2,0.059667,"lavigne, says, new, avril, bedridden, five, months, after","theia, white, black, bully, breed, mix, survived, after"
202a51397a4de6483e6a7427d1952c46fca69d81,9a2ffa6ad643d52e6b99b0b08e497f41ba23b2b2,3,0.055950,"lavigne, says, new, avril, bedridden, five, months, after","says, deal, israeli, prime, minister, benjamin, netanyahu, sees"
202a51397a4de6483e6a7427d1952c46fca69d81,17412737648b2cad59669560765fcb5169fc8116,4,0.047497,"lavigne, says, new, avril, bedridden, five, months, after","thomas, keonna, one, three, women, arrested, week, terror"
202a51397a4de6483e6a7427d1952c46fca69d81,32a7125a655a052b3ea62350a8e02f0245cc220e,5,0.043795,"lavigne, says, new, avril, bedridden, five, months, after","rurik, jutting, charged, two, counts, murder, hong, kong"
2f6106809de41d59f422d527900a6b344174c5b2,32a7125a655a052b3ea62350a8e02f0245cc220e,1,0.032144,"mike, tyson, lived, gaudy, abandoned, mansion, southington, ohio","rurik, jutting, charged, two, counts, murder, hong, kong"
2f6106809de41d59f422d527900a6b344174c5b2,934a2d9235022c9e8a6aeec5e7e941b127569b76,2,0.029225,"mike, tyson, lived, gaudy, abandoned, mansion, southington, ohio","lhc, large, hadron, collider, ready, action, following, two"
2f6106809de41d59f422d527900a6b344174c5b2,1dd00c89d71a5611797bb34da8a6eada8f058405,3,0.027686,"mike, tyson, lived, gaudy, abandoned, mansion, southington, ohio","pence, week, issue, mike, signed, religious, freedom, law"
2f6106809de41d59f422d527900a6b344174c5b2,44d681105bcab063dfa0c80ce9cf96393677f9cc,4,0.027656,"mike, tyson, lived, gaudy, abandoned, mansion, southington, ohio","connecticut, juvenile, court, judge, denies, motion, let, cassandra"
2f6106809de41d59f422d527900a6b344174c5b2,0d3c8c276d079c4c225f034c69aa024cdab7869d,5,0.023701,"mike, tyson, lived, gaudy, abandoned, mansion, southington, ohio","his, death, getty, coroner's, preliminary, assessment, there, foul"
9a2ffa6ad643d52e6b99b0b08e497f41ba23b2b2,a2ee2faeb2dc4e5eab43b1d14233c4ac658f0a8f,1,0.091237,"says, deal, israeli, prime, minister, benjamin, netanyahu, sees","president, obama, iran, political, tied, himself, mast, nuclear"
9a2ffa6ad643d52e6b99b0b08e497f41ba23b2b2,ec4b5fef725b4cc81545689603ff84c8e19bd6dc,2,0.061984,"says, deal, israeli, prime, minister, benjamin, netanyahu, sees","bachmann, obama, michele, compares, president, andreas, lubitz, pilot"
9a2ffa6ad643d52e6b99b0b08e497f41ba23b2b2,202a51397a4de6483e6a7427d1952c46fca69d81,3,0.055950,"says, deal, israeli, prime, minister, benjamin, netanyahu, sees","lavigne, says, new, avril, bedridden, five, months, after"
9a2ffa6ad643d52e6b99b0b08e497f41ba23b2b2,cf7094270cbb4c8fad5029bd2c2da694f1411870,4,0.053943,"says, deal, israeli, prime, minister, benjamin, netanyahu, sees","his, says, man, set, off, foot, sailboat, south"
9a2ffa6ad643d52e6b99b0b08e497f41ba23b2b2,58b9fcb9a3537d014d3499b0ad4d4123cfd3eac0,5,0.043284,"says, deal, israeli, prime, minister, benjamin, netanyahu, sees","academic, ncaa, says, athletes, former, who, it's, nonsense"
f78024d271fd21f0667f5da6843516314af71f8f,e8c90d557031700caa1afb66dfc85358ef719108,1,0.229671,"said, memories, pizza, walkerton, indiana, center, debate, over","law, religious, indiana's, new, freedom, restoration, act, faces"
f78024d271fd21f0667f5da6843516314af71f8f,1dd00c89d71a5611797bb34da8a6eada8f058405,2,0.124288,"said, memories, pizza, walkerton, indiana, center, debate, over","pence, week, issue, mike, signed, religious, freedom, law"
f78024d271fd21f0667f5da6843516314af71f8f,dc833f8b55e381011ce23f89ea909b9a141b5a66,3,0.077767,"said, memories, pizza, walkerton, indiana, center, debate, over","walmart, emerging, bellwether, shifting, public, opinion, hot, button"
f78024d271fd21f0667f5da6843516314af71f8f,9bea5cbe9a0184eec4086a08452066dead185173,4,0.051826,"said, memories, pizza, walkerton, indiana, center, debate, over","year, documents, manning, serving, prison, sentence, leaking, thousands"
f78024d271fd21f0667f5da6843516314af71f8f,63e19d477469e39e3fc4143919e6a5acb58dbc23,5,0.043109,"said, memories, pizza, walkerton, indiana, center, debate, over","police, malegaon, western, state, maharashtra, asked, residents, take"
63e19d477469e39e3fc4143919e6a5acb58dbc23,e8c90d557031700caa1afb66dfc85358ef719108,1,0.072568,"police, malegaon, western, state, maharashtra, asked, residents, take","law, religious, indiana's, new, freedom, restoration, act, faces"
63e19d477469e39e3fc4143919e6a5acb58dbc23,0d3c8c276d079c4c225f034c69aa024cdab7869d,2,0.063704,"police, malegaon, western, state, maharashtra, asked, residents, take","his, death, getty, coroner's, preliminary, assessment, there, foul"
63e19d477469e39e3fc4143919e6a5acb58dbc23,c27cf1b136cc270023de959e7ab24638021bc43f,3,0.052185,"police, malegaon, western, state, maharashtra, asked, residents, take","student, campus, identified, during, investigation, police, office, affairs"
63e19d477469e39e3fc4143919e6a5acb58dbc23,4495ba8f3a340d97a9df1476f8a35502bcce1f69,4,0.044757,"police, malegaon, western, state, maharashtra, asked, residents, take","zarif, mohammad, javad, been, secretary, state, john, kerry's"
63e19d477469e39e3fc4143919e6a5acb58dbc23,f78024d271fd21f0667f5da6843516314af71f8f,5,0.043109,"police, malegaon, western, state, maharashtra, asked, residents, take","said, memories, pizza, walkerton, indiana, center, debate, over"
cf7094270cbb4c8fad5029bd2c2da694f1411870,ffff11a2f44d731cd80c86819a89b7e227581415,1,0.286047,"his, says, man, set, off, foot, sailboat, south","his, louis, jordan, had, been, drifting, foot, pearson"
cf7094270cbb4c8fad5029bd2c2da694f1411870,0d3c8c276d079c4c225f034c69aa024cdab7869d,2,0.156954,"his, says, man, set, off, foot, sailboat, south","his, death, getty, coroner's, preliminary, assessment, there, foul"
cf7094270cbb4c8fad5029bd2c2da694f1411870,f9f5d81bc74d6cf6d713d6fa6be4a30427b46e68,3,0.095164,"his, says, man, set, off, foot, sailboat, south","his, kim, jong, also, been, charged, assaulting, foreign"
cf7094270cbb4c8fad5029bd2c2da694f1411870,88e7dac40f3e6c159e4edc0747d0cc0f50886fbb,4,0.091381,"his, says, man, set, off, foot, sailboat, south","his, rev, robert, schuller, had, been, diagnosed, esophageal"
cf7094270cbb4c8fad5029bd2c2da694f1411870,6302a6cf8564e4bb4753e2dc3dae328f13edae50,5,0.089290,"his, says, man, set, off, foot, sailboat, south","his, deion, sanders, wide, receiver, southern, methodist, university"
934a2d9235022c9e8a6aeec5e7e941b127569b76,9bea5cbe9a0184eec4086a08452066dead185173,1,0.051652,"lhc, large, hadron, collider, ready, action, following, two","year, documents, manning, serving, prison, sentence, leaking, thousands"
934a2d9235022c9e8a6aeec5e7e941b127569b76,b21cd549314996de79ba0ca2636c8ced66468267,2,0.030872,"lhc, large, hadron, collider, ready, action, following, two","california, more, because, breadbasket, nation, growing, than, third"
934a2d9235022c9e8a6aeec5e7e941b127569b76,2f6106809de41d59f422d527900a6b344174c5b2,3,0.029225,"lhc, large, hadron, collider, ready, action, following, two","mike, tyson, lived, gaudy, abandoned, mansion, southington, ohio"
934a2d9235022c9e8a6aeec5e7e941b127569b76,ec4b5fef725b4cc81545689603ff84c8e19bd6dc,4,0.027271,"lhc, large, hadron, collider, ready, action, following, two","bachmann, obama, michele, compares, president, andreas, lubitz, pilot"
934a2d9235022c9e8a6aeec5e7e941b127569b76,230c522854991d053fe98a718b1defa077a8efef,5,0.024477,"lhc, large, hadron, collider, ready, action, following, two","theia, white, black, bully, breed, mix, survived, after"
82461522ee90f8f5be2ec226e2016ad40588866d,c71b08cede3b6edb662a2f2c95f8b543fa65e405,1,0.056580,"agents, charleston, him, kevone, suspected, commercial, robberies, dating","robert, lewis, burns, original, drummer, southern, rock, band"
82461522ee90f8f5be2ec226e2016ad40588866d,ffff11a2f44d731cd80c86819a89b7e227581415,2,0.053780,"agents, charleston, him, kevone, suspected, commercial, robberies, dating","his, louis, jordan, had, been, drifting, foot, pearson"
82461522ee90f8f5be2ec226e2016ad40588866d,37477ed1fc065f438021ee3b6d3e2b827e270353,3,0.042268,"agents, charleston, him, kevone, suspected, commercial, robberies, dating","eclipse, total, only, last, four, minutes, seconds, started"
82461522ee90f8f5be2ec226e2016ad40588866d,cf7094270cbb4c8fad5029bd2c2da694f1411870,4,0.036510,"agents, charleston, him, kevone, suspected, commercial, robberies, dating","his, says, man, set, off, foot, sailboat, south"
82461522ee90f8f5be2ec226e2016ad40588866d,c5390093fa60d62c4dc9013977ca09a8edf7c32b,5,0.034683,"agents, charleston, him, kevone, suspected, commercial, robberies, dating","easter, but, cornerstone, event, christian, faith, it's, surrounded"
37477ed1fc065f438021ee3b6d3e2b827e270353,e2706dce6cf26bc61b082438188fdb6e130d9e40,1,0.065296,"eclipse, total, only, last, four, minutes, seconds, started","least, people, compared, 2013, year, 607, executed, around"
37477ed1fc065f438021ee3b6d3e2b827e270353,c5390093fa60d62c4dc9013977ca09a8edf7c32b,2,0.058562,"eclipse, total, only, last, four, minutes, seconds, started","easter, but, cornerstone, event, christian, faith, it's, surrounded"
37477ed1fc065f438021ee3b6d3e2b827e270353,2bd8ada1de6a7b02f59430cc82045eb8d29cf033,3,0.054171,"eclipse, total, only, last, four, minutes, seconds, started","game, show, price, bob, barker, hosted, years, before"
37477ed1fc065f438021ee3b6d3e2b827e270353,1dd00c89d71a5611797bb34da8a6eada8f058405,4,0.044906,"eclipse, total, only, last, four, minutes, seconds, started","pence, week, issue, mike, signed, religious, freedom, law"
37477ed1fc065f438021ee3b6d3e2b827e270353,82461522ee90f8f5be2ec226e2016ad40588866d,5,0.042268,"eclipse, total, only, last, four, minutes, seconds, started","agents, charleston, him, kevone, suspected, commercial, robberies, dating"
4fbf675fb79046440d1cf01dd4fc2e505f2b5169,c7caf9181c2e94a79d9102da6e11cde48c880aa5,1,0.069880,"attack, terrorist, activities, bergen, shabaab, claimed, garissa, university","framework, nuclear, negotiating, partners, reached, agreement, iran, thursday"
4fbf675fb79046440d1cf01dd4fc2e505f2b5169,17412737648b2cad59669560765fcb5169fc8116,2,0.062421,"attack, terrorist, activities, bergen, shabaab, claimed, garissa, university","thomas, keonna, one, three, women, arrested, week, terror"
4fbf675fb79046440d1cf01dd4fc2e505f2b5169,203886369feea77bbc35715e6d7e518b751f57de,3,0.047836,"attack, terrorist, activities, bergen, shabaab, claimed, garissa, university","researchers, examined, archives, red, cross, international, training, service"
4fbf675fb79046440d1cf01dd4fc2e505f2b5169,c27cf1b136cc270023de959e7ab24638021bc43f,4,0.043108,"attack, terrorist, activities, bergen, shabaab, claimed, garissa, university","student, campus, identified, during, investigation, police, office, affairs"
4fbf675fb79046440d1cf01dd4fc2e505f2b5169,58b9fcb9a3537d014d3499b0ad4d4123cfd3eac0,5,0.030309,"attack, terrorist, activities, bergen, shabaab, claimed, garissa, university","academic, ncaa, says, athletes, former, who, it's, nonsense"
c5390093fa60d62c4dc9013977ca09a8edf7c32b,a38e72fed88684ec8d60dd5856282e999dc8c0ca,1,0.091475,"easter, but, cornerstone, event, christian, faith, it's, surrounded","but, one, five, had, heart, related, issue, saturday"
c5390093fa60d62c4dc9013977ca09a8edf7c32b,fd0e8622b9ee38d1d6fff2fff59f0566f1a2f8f7,2,0.090601,"easter, but, cornerstone, event, christian, faith, it's, surrounded","furious, getting, widest, release, universal's, history, playing, 003"
c5390093fa60d62c4dc9013977ca09a8edf7c32b,37477ed1fc065f438021ee3b6d3e2b827e270353,3,0.058562,"easter, but, cornerstone, event, christian, faith, it's, surrounded","eclipse, total, only, last, four, minutes, seconds, started"
c5390093fa60d62c4dc9013977ca09a8edf7c32b,f9f5d81bc74d6cf6d713d6fa6be4a30427b46e68,4,0.046263,"easter, but, cornerstone, event, christian, faith, it's, surrounded","his, kim, jong, also, been, charged, assaulting, foreign"
c5390093fa60d62c4dc9013977ca09a8edf7c32b,6222f33c2c79b80be437335eeb3f488509e92cf5,5,0.043751,"easter, but, cornerstone, event, christian, faith, it's, surrounded","storm, province, maysak, now, classified, tropical, it's, expected"
58b9fcb9a3537d014d3499b0ad4d4123cfd3eac0,c27cf1b136cc270023de959e7ab24638021bc43f,1,0.109048,"academic, ncaa, says, athletes, former, who, it's, nonsense","student, campus, identified, during, investigation, police, office, affairs"
58b9fcb9a3537d014d3499b0ad4d4123cfd3eac0,fd0e8622b9ee38d1d6fff2fff59f0566f1a2f8f7,2,0.095623,"academic, ncaa, says, athletes, former, who, it's, nonsense","furious, getting, widest, release, universal's, history, playing, 003"
58b9fcb9a3537d014d3499b0ad4d4123cfd3eac0,6222f33c2c79b80be437335eeb3f488509e92cf5,3,0.054373,"academic, ncaa, says, athletes, former, who, it's, nonsense","storm, province, maysak, now, classified, tropical, it's, expected"
58b9fcb9a3537d014d3499b0ad4d4123cfd3eac0,e8c90d557031700caa1afb66dfc85358ef719108,4,0.052824,"academic, ncaa, says, athletes, former, who, it's, nonsense","law, religious, indiana's, new, freedom, restoration, act, faces"
58b9fcb9a3537d014d3499b0ad4d4123cfd3eac0,cf7094270cbb4c8fad5029bd2c2da694f1411870,5,0.051151,"academic, ncaa, says, athletes, former, who, it's, nonsense","his, says, man, set, off, foot, sailboat, south"
44d681105bcab063dfa0c80ce9cf96393677f9cc,ffff11a2f44d731cd80c86819a89b7e227581415,1,0.078426,"connecticut, juvenile, court, judge, denies, motion, let, cassandra","his, louis, jordan, had, been, drifting, foot, pearson"
44d681105bcab063dfa0c80ce9cf96393677f9cc,f001ec5c4704938247d27a44948eebb37ae98d01,2,0.065152,"connecticut, juvenile, court, judge, denies, motion, let, cassandra","court, palestinian, member, united, states, authority, officially, becomes"
44d681105bcab063dfa0c80ce9cf96393677f9cc,202a51397a4de6483e6a7427d1952c46fca69d81,3,0.063007,"connecticut, juvenile, court, judge, denies, motion, let, cassandra","lavigne, says, new, avril, bedridden, five, months, after"
44d681105bcab063dfa0c80ce9cf96393677f9cc,0d3c8c276d079c4c225f034c69aa024cdab7869d,4,0.058530,"connecticut, juvenile, court, judge, denies, motion, let, cassandra","his, death, getty, coroner's, preliminary, assessment, there, foul"
44d681105bcab063dfa0c80ce9cf96393677f9cc,32a7125a655a052b3ea62350a8e02f0245cc220e,5,0.046828,"connecticut, juvenile, court, judge, denies, motion, let, cassandra","rurik, jutting, charged, two, counts, murder, hong, kong"
a43893ac704663476a285673392de84c0c17d4e5,9f051fe922a8f45b315a366a5af1aab58d93f050,1,0.067393,"funk, hot, uptown, longest, leading, billboard, 100, 2010s","online, activity, become, path, least, resistance, you, want"
a43893ac704663476a285673392de84c0c17d4e5,dc833f8b55e381011ce23f89ea909b9a141b5a66,2,0.065713,"funk, hot, uptown, longest, leading, billboard, 100, 2010s","walmart, emerging, bellwether, shifting, public, opinion, hot, button"
a43893ac704663476a285673392de84c0c17d4e5,1dd00c89d71a5611797bb34da8a6eada8f058405,3,0.056791,"funk, hot, uptown, longest, leading, billboard, 100, 2010s","pence, week, issue, mike, signed, religious, freedom, law"
a43893ac704663476a285673392de84c0c17d4e5,58b9fcb9a3537d014d3499b0ad4d4123cfd3eac0,4,0.047977,"funk, hot, uptown, longest, leading, billboard, 100, 2010s","academic, ncaa, says, athletes, former, who, it's, nonsense"
a43893ac704663476a285673392de84c0c17d4e5,fd0e8622b9ee38d1d6fff2fff59f0566f1a2f8f7,5,0.043399,"funk, hot, uptown, longest, leading, billboard, 100, 2010s","furious, getting, widest, release, universal's, history, playing, 003"
f7c2eb465479b965669b81535234e24735915ebf,c222979bd1cfbc7d3ff821e9c738e3dbd29b14f4,1,0.064593,"temperature, committee, recorded, argentina's, esperanza, base, northern, tip","amnesty, international, releases, annual, review, death, penalty, worldwide"
f7c2eb465479b965669b81535234e24735915ebf,4495ba8f3a340d97a9df1476f8a35502bcce1f69,2,0.041339,"temperature, committee, recorded, argentina's, esperanza, base, northern, tip","zarif, mohammad, javad, been, secretary, state, john, kerry's"
f7c2eb465479b965669b81535234e24735915ebf,17412737648b2cad59669560765fcb5169fc8116,3,0.027234,"temperature, committee, recorded, argentina's, esperanza, base, northern, tip","thomas, keonna, one, three, women, arrested, week, terror"
f7c2eb465479b965669b81535234e24735915ebf,a2ee2faeb2dc4e5eab43b1d14233c4ac658f0a8f,4,0.023470,"temperature, committee, recorded, argentina's, esperanza, base, northern, tip","president, obama, iran, political, tied, himself, mast, nuclear"
f7c2eb465479b965669b81535234e24735915ebf,e2706dce6cf26bc61b082438188fdb6e130d9e40,5,0.023180,"temperature, committee, recorded, argentina's, esperanza, base, northern, tip","least, people, compared, 2013, year, 607, executed, around"
e8c90d557031700caa1afb66dfc85358ef719108,f78024d271fd21f0667f5da6843516314af71f8f,1,0.229671,"law, religious, indiana's, new, freedom, restoration, act, faces","said, memories, pizza, walkerton, indiana, center, debate, over"
e8c90d557031700caa1afb66dfc85358ef719108,1dd00c89d71a5611797bb34da8a6eada8f058405,2,0.123693,"law, religious, indiana's, new, freedom, restoration, act, faces","pence, week, issue, mike, signed, religious, freedom, law"
e8c90d557031700caa1afb66dfc85358ef719108,63e19d477469e39e3fc4143919e6a5acb58dbc23,3,0.072568,"law, religious, indiana's, new, freedom, restoration, act, faces","police, malegaon, western, state, maharashtra, asked, residents, take"
e8c90d557031700caa1afb66dfc85358ef719108,e2706dce6cf26bc61b082438188fdb6e130d9e40,4,0.059306,"law, religious, indiana's, new, freedom, restoration, act, faces","least, people, compared, 2013, year, 607, executed, around"
e8c90d557031700caa1afb66dfc85358ef719108,c7caf9181c2e94a79d9102da6e11cde48c880aa5,5,0.057170,"law, religious, indiana's, new, freedom, restoration, act, faces","framework, nuclear, negotiating, partners, reached, agreement, iran, thursday"
c71b08cede3b6edb662a2f2c95f8b543fa65e405,6302a6cf8564e4bb4753e2dc3dae328f13edae50,1,0.086061,"robert, lewis, burns, original, drummer, southern, rock, band","his, deion, sanders, wide, receiver, southern, methodist, university"
c71b08cede3b6edb662a2f2c95f8b543fa65e405,cf7094270cbb4c8fad5029bd2c2da694f1411870,2,0.079758,"robert, lewis, burns, original, drummer, southern, rock, band","his, says, man, set, off, foot, sailboat, south"
c71b08cede3b6edb662a2f2c95f8b543fa65e405,469c6ac05092ca5997728c9dfc19f9ab6b936e40,3,0.078822,"robert, lewis, burns, original, drummer, southern, rock, band","french, crash, prosecutor, says, not, aware, any, video"
c71b08cede3b6edb662a2f2c95f8b543fa65e405,230c522854991d053fe98a718b1defa077a8efef,4,0.076734,"robert, lewis, burns, original, drummer, southern, rock, band","theia, white, black, bully, breed, mix, survived, after"
c71b08cede3b6edb662a2f2c95f8b543fa65e405,0d3c8c276d079c4c225f034c69aa024cdab7869d,5,0.064059,"robert, lewis, burns, original, drummer, southern, rock, band","his, death, getty, coroner's, preliminary, assessment, there, foul"
f9f5d81bc74d6cf6d713d6fa6be4a30427b46e68,ffff11a2f44d731cd80c86819a89b7e227581415,1,0.114578,"his, kim, jong, also, been, charged, assaulting, foreign","his, louis, jordan, had, been, drifting, foot, pearson"
f9f5d81bc74d6cf6d713d6fa6be4a30427b46e68,cf7094270cbb4c8fad5029bd2c2da694f1411870,2,0.095164,"his, kim, jong, also, been, charged, assaulting, foreign","his, says, man, set, off, foot, sailboat, south"
f9f5d81bc74d6cf6d713d6fa6be4a30427b46e68,17412737648b2cad59669560765fcb5169fc8116,3,0.071233,"his, kim, jong, also, been, charged, assaulting, foreign","thomas, keonna, one, three, women, arrested, week, terror"
f9f5d81bc74d6cf6d713d6fa6be4a30427b46e68,0d3c8c276d079c4c225f034c69aa024cdab7869d,4,0.067835,"his, kim, jong, also, been, charged, assaulting, foreign","his, death, getty, coroner's, preliminary, assessment, there, foul"
f9f5d81bc74d6cf6d713d6fa6be4a30427b46e68,88e7dac40f3e6c159e4edc0747d0cc0f50886fbb,5,0.062252,"his, kim, jong, also, been, charged, assaulting, foreign","his, rev, robert, schuller, had, been, diagnosed, esophageal"
32a7125a655a052b3ea62350a8e02f0245cc220e,230c522854991d053fe98a718b1defa077a8efef,1,0.075812,"rurik, jutting, charged, two, counts, murder, hong, kong","theia, white, black, bully, breed, mix, survived, after"
32a7125a655a052b3ea62350a8e02f0245cc220e,f001ec5c4704938247d27a44948eebb37ae98d01,2,0.064785,"rurik, jutting, charged, two, counts, murder, hong, kong","court, palestinian, member, united, states, authority, officially, becomes"
32a7125a655a052b3ea62350a8e02f0245cc220e,ee17dfb574feca82ccac5689595e47483bd23f12,3,0.049586,"rurik, jutting, charged, two, counts, murder, hong, kong","terrorism, yahya, rashid, national, northwest, london, detained, luton"
32a7125a655a052b3ea62350a8e02f0245cc220e,44d681105bcab063dfa0c80ce9cf96393677f9cc,4,0.046828,"rurik, jutting, charged, two, counts, murder, hong, kong","connecticut, juvenile, court, judge, denies, motion, let, cassandra"
32a7125a655a052b3ea62350a8e02f0245cc220e,202a51397a4de6483e6a7427d1952c46fca69d81,5,0.043795,"rurik, jutting, charged, two, counts, murder, hong, kong","lavigne, says, new, avril, bedridden, five, months, after"
38a207accfb31afc694f16531d23d2cda79ac85d,c7caf9181c2e94a79d9102da6e11cde48c880aa5,1,0.039720,"thai, smile, subsidiary, thailand, flag, carrier, airways, unveiled","framework, nuclear, negotiating, partners, reached, agreement, iran, thursday"
38a207accfb31afc694f16531d23d2cda79ac85d,e8c90d557031700caa1afb66dfc85358ef719108,2,0.036523,"thai, smile, subsidiary, thailand, flag, carrier, airways, unveiled","law, religious, indiana's, new, freedom, restoration, act, faces"
38a207accfb31afc694f16531d23d2cda79ac85d,202a51397a4de6483e6a7427d1952c46fca69d81,3,0.034042,"thai, smile, subsidiary, thailand, flag, carrier, airways, unveiled","lavigne, says, new, avril, bedridden, five, months, after"
38a207accfb31afc694f16531d23d2cda79ac85d,f9f5d81bc74d6cf6d713d6fa6be4a30427b46e68,4,0.026275,"thai, smile, subsidiary, thailand, flag, carrier, airways, unveiled","his, kim, jong, also, been, charged, assaulting, foreign"
38a207accfb31afc694f16531d23d2cda79ac85d,37477ed1fc065f438021ee3b6d3e2b827e270353,5,0.024870,"thai, smile, subsidiary, thailand, flag, carrier, airways, unveiled","eclipse, total, only, last, four, minutes, seconds, started"
9bea5cbe9a0184eec4086a08452066dead185173,e2706dce6cf26bc61b082438188fdb6e130d9e40,1,0.112683,"year, documents, manning, serving, prison, sentence, leaking, thousands","least, people, compared, 2013, year, 607, executed, around"
9bea5cbe9a0184eec4086a08452066dead185173,17412737648b2cad59669560765fcb5169fc8116,2,0.055386,"year, documents, manning, serving, prison, sentence, leaking, thousands","thomas, keonna, one, three, women, arrested, week, terror"
9bea5cbe9a0184eec4086a08452066dead185173,f78024d271fd21f0667f5da6843516314af71f8f,3,0.051826,"year, documents, manning, serving, prison, sentence, leaking, thousands","said, memories, pizza, walkerton, indiana, center, debate, over"
9bea5cbe9a0184eec4086a08452066dead185173,934a2d9235022c9e8a6aeec5e7e941b127569b76,4,0.051652,"year, documents, manning, serving, prison, sentence, leaking, thousands","lhc, large, hadron, collider, ready, action, following, two"
9bea5cbe9a0184eec4086a08452066dead185173,88e7dac40f3e6c159e4edc0747d0cc0f50886fbb,5,0.047395,"year, documents, manning, serving, prison, sentence, leaking, thousands","his, rev, robert, schuller, had, been, diagnosed, esophageal"
a2ee2faeb2dc4e5eab43b1d14233c4ac658f0a8f,ec4b5fef725b4cc81545689603ff84c8e19bd6dc,1,0.190530,"president, obama, iran, political, tied, himself, mast, nuclear","bachmann, obama, michele, compares, president, andreas, lubitz, pilot"
a2ee2faeb2dc4e5eab43b1d14233c4ac658f0a8f,9a2ffa6ad643d52e6b99b0b08e497f41ba23b2b2,2,0.091237,"president, obama, iran, political, tied, himself, mast, nuclear","says, deal, israeli, prime, minister, benjamin, netanyahu, sees"
a2ee2faeb2dc4e5eab43b1d14233c4ac658f0a8f,c7caf9181c2e94a79d9102da6e11cde48c880aa5,3,0.067048,"president, obama, iran, political, tied, himself, mast, nuclear","framework, nuclear, negotiating, partners, reached, agreement, iran, thursday"
a2ee2faeb2dc4e5eab43b1d14233c4ac658f0a8f,dc833f8b55e381011ce23f89ea909b9a141b5a66,4,0.049835,"president, obama, iran, political, tied, himself, mast, nuclear","walmart, emerging, bellwether, shifting, public, opinion, hot, button"
a2ee2faeb2dc4e5eab43b1d14233c4ac658f0a8f,4495ba8f3a340d97a9df1476f8a35502bcce1f69,5,0.048883,"president, obama, iran, political, tied, himself, mast, nuclear","zarif, mohammad, javad, been, secretary, state, john, kerry's"
fd0e8622b9ee38d1d6fff2fff59f0566f1a2f8f7,58b9fcb9a3537d014d3499b0ad4d4123cfd3eac0,1,0.095623,"furious, getting, widest, release, universal's, history, playing, 003","academic, ncaa, says, athletes, former, who, it's, nonsense"
fd0e8622b9ee38d1d6fff2fff59f0566f1a2f8f7,c5390093fa60d62c4dc9013977ca09a8edf7c32b,2,0.090601,"furious, getting, widest, release, universal's, history, playing, 003","easter, but, cornerstone, event, christian, faith, it's, surrounded"
fd0e8622b9ee38d1d6fff2fff59f0566f1a2f8f7,384175be1c8d41610fbeddbd9d9cb46e716e2529,3,0.087630,"furious, getting, widest, release, universal's, history, playing, 003","walker, release, furious, friday, offers, opportunity, fans, remember"
fd0e8622b9ee38d1d6fff2fff59f0566f1a2f8f7,c7caf9181c2e94a79d9102da6e11cde48c880aa5,4,0.057763,"furious, getting, widest, release, universal's, history, playing, 003","framework, nuclear, negotiating, partners, reached, agreement, iran, thursday"
fd0e8622b9ee38d1d6fff2fff59f0566f1a2f8f7,b21cd549314996de79ba0ca2636c8ced66468267,5,0.054510,"furious, getting, widest, release, universal's, history, playing, 003","california, more, because, breadbasket, nation, growing, than, third"
6302a6cf8564e4bb4753e2dc3dae328f13edae50,cf7094270cbb4c8fad5029bd2c2da694f1411870,1,0.089290,"his, deion, sanders, wide, receiver, southern, methodist, university","his, says, man, set, off, foot, sailboat, south"
6302a6cf8564e4bb4753e2dc3dae328f13edae50,c71b08cede3b6edb662a2f2c95f8b543fa65e405,2,0.086061,"his, deion, sanders, wide, receiver, southern, methodist, university","robert, lewis, burns, original, drummer, southern, rock, band"
6302a6cf8564e4bb4753e2dc3dae328f13edae50,ffff11a2f44d731cd80c86819a89b7e227581415,3,0.072346,"his, deion, sanders, wide, receiver, southern, methodist, university","his, louis, jordan, had, been, drifting, foot, pearson"
6302a6cf8564e4bb4753e2dc3dae328f13edae50,0d3c8c276d079c4c225f034c69aa024cdab7869d,4,0.063648,"his, deion, sanders, wide, receiver, southern, methodist, university","his, death, getty, coroner's, preliminary, assessment, there, foul"
6302a6cf8564e4bb4753e2dc3dae328f13edae50,f9f5d81bc74d6cf6d713d6fa6be4a30427b46e68,5,0.047968,"his, deion, sanders, wide, receiver, southern, methodist, university","his, kim, jong, also, been, charged, assaulting, foreign"
